timestamps,open,high,low,close,volume,amount
2020-08-11 06:00:00,2.85,3.47,2.85,2.9515,20032.26,0
2020-08-11 07:00:00,2.9515,3.1355,2.88,2.9224,42069.37,0
2020-08-11 08:00:00,2.9224,3.0,2.9144,2.96,24280.76,0
2020-08-11 09:00:00,2.96,2.9736,2.85,2.8543,26371.23,0
2020-08-11 10:00:00,2.8566,2.9329,2.8433,2.8976,26685.94,0
2020-08-11 11:00:00,2.8976,3.1,2.8976,3.0497,12474.53,0
2020-08-11 12:00:00,3.0497,3.329,3.0488,3.1111,136779.72,0
2020-08-11 13:00:00,3.111,3.2768,2.8625,3.2768,233029.25,0
2020-08-11 14:00:00,3.2787,3.5208,3.0744,3.2499,362238.07,0
2020-08-11 15:00:00,3.2499,3.3926,3.15,3.19,170827.9,0
2020-08-11 16:00:00,3.1751,3.3595,3.1143,3.2475,105510.39,0
2020-08-11 17:00:00,3.2475,3.384,3.2475,3.2978,67008.38,0
2020-08-11 18:00:00,3.3,3.3047,3.21,3.2676,31896.32,0
2020-08-11 19:00:00,3.2676,3.2754,3.155,3.1886,49635.13,0
2020-08-11 20:00:00,3.1938,3.203,2.95,3.0774,121302.78,0
2020-08-11 21:00:00,3.0775,3.2495,3.07,3.2184,44151.99,0
2020-08-11 22:00:00,3.2128,3.25,3.08,3.2061,34992.96,0
2020-08-11 23:00:00,3.2037,3.3191,3.2,3.2985,43097.8,0
2020-08-12 00:00:00,3.2985,3.2985,3.09,3.1127,64788.659999999996,0
2020-08-12 01:00:00,3.1064,3.32,3.08,3.232,69220.85,0
2020-08-12 02:00:00,3.232,3.2575,3.1317,3.1317,36985.7,0
2020-08-12 03:00:00,3.1317,3.3,3.1129,3.2802,55281.42,0
2020-08-12 04:00:00,3.2802,3.2953,3.15,3.2611,40644.95,0
2020-08-12 05:00:00,3.2478,3.2478,3.1769,3.2296,17503.99,0
2020-08-12 06:00:00,3.2192,3.2641,3.1323,3.2538,69963.6,0
2020-08-12 07:00:00,3.2538,3.3661,3.2121,3.3661,60332.39,0
2020-08-12 08:00:00,3.3577,3.52,3.35,3.4503,244976.89,0
2020-08-12 09:00:00,3.4503,3.7,3.4001,3.6669,173413.69,0
2020-08-12 10:00:00,3.668,3.9176,3.5015,3.9049,227903.53,0
2020-08-12 11:00:00,3.9049,3.9289,3.6491,3.6842,148902.61,0
2020-08-12 12:00:00,3.6733,3.7756,3.653,3.6755,73631.8,0
2020-08-12 13:00:00,3.676,3.8554,3.6434,3.745,78069.33,0
2020-08-12 14:00:00,3.7573,3.9,3.746,3.81,73978.36,0
2020-08-12 15:00:00,3.8272,3.85,3.7,3.7678,41862.48,0
2020-08-12 16:00:00,3.7704,3.7889,3.65,3.7569,70134.33,0
2020-08-12 17:00:00,3.7453,3.7678,3.6505,3.7446,43982.51,0
2020-08-12 18:00:00,3.7195,3.8423,3.6762,3.7018,29376.77,0
2020-08-12 19:00:00,3.7098,3.7441,3.6,3.6788,30017.89,0
2020-08-12 20:00:00,3.6788,3.794,3.6652,3.7142,18641.09,0
2020-08-12 21:00:00,3.7142,3.74,3.7,3.7207,22553.22,0
2020-08-12 22:00:00,3.7208,3.8225,3.6729,3.693,26479.52,0
2020-08-12 23:00:00,3.6732,3.7559,3.6732,3.7558,18397.37,0
2020-08-13 00:00:00,3.75,3.8512,3.7428,3.7703,48211.240000000005,0
2020-08-13 01:00:00,3.7703,3.8,3.6886,3.7601,39505.229999999996,0
2020-08-13 02:00:00,3.7601,3.7771,3.5537,3.6457,36648.7,0
2020-08-13 03:00:00,3.6449,3.8128,3.6228,3.7593,61837.96,0
2020-08-13 04:00:00,3.7404,3.9364,3.6436,3.6822,122541.59,0
2020-08-13 05:00:00,3.6865,3.85,3.6243,3.7458,49349.19,0
2020-08-13 06:00:00,3.7547,3.8997,3.7249,3.8997,34680.5,0
2020-08-13 07:00:00,3.8914,4.1387,3.878,4.0785,128456.23,0
2020-08-13 08:00:00,4.0946,4.1222,3.65,3.733,251307.47,0
2020-08-13 09:00:00,3.73,3.95,3.5003,3.8387,155172.89,0
2020-08-13 10:00:00,3.8417,3.95,3.798,3.8749,50459.32,0
2020-08-13 11:00:00,3.8751,3.9999,3.759,3.87,91154.29,0
2020-08-13 12:00:00,3.87,3.9242,3.8103,3.897,89047.44,0
2020-08-13 13:00:00,3.8979,3.9764,3.8705,3.9453,51652.58,0
2020-08-13 14:00:00,3.9734,4.0555,3.8888,3.9416,68663.22,0
2020-08-13 15:00:00,3.9416,3.96,3.8,3.8065,47636.3,0
2020-08-13 16:00:00,3.8065,3.9123,3.7698,3.9019,58736.84,0
2020-08-13 17:00:00,3.9016,3.9645,3.7909,3.8118,45608.65,0
2020-08-13 18:00:00,3.8225,3.8699,3.79,3.83,23440.51,0
2020-08-13 19:00:00,3.8201,3.8618,3.8095,3.8566,16313.38,0
2020-08-13 20:00:00,3.8549,3.87,3.7,3.7,66540.69,0
2020-08-13 21:00:00,3.7251,3.747,3.6068,3.6356,61287.25,0
2020-08-13 22:00:00,3.6229,3.7696,3.5385,3.7503,56783.77,0
2020-08-13 23:00:00,3.7686,3.8118,3.7002,3.73,30724.0,0
2020-08-14 00:00:00,3.7207,3.7676,3.6325,3.6383,40138.58,0
2020-08-14 01:00:00,3.6383,3.674,3.6068,3.6348,43508.229999999996,0
2020-08-14 02:00:00,3.6348,3.6511,3.5717,3.6118,56677.57,0
2020-08-14 03:00:00,3.5973,3.6479,3.58,3.625,44745.13,0
2020-08-14 04:00:00,3.6251,3.6644,3.59,3.6644,50311.86,0
2020-08-14 05:00:00,3.6502,3.7517,3.6501,3.6759,34694.520000000004,0
2020-08-14 06:00:00,3.6758,3.6924,3.6425,3.6616,31351.47,0
2020-08-14 07:00:00,3.6617,3.6896,3.5,3.55,105414.81999999999,0
2020-08-14 08:00:00,3.5327,3.5613,3.4628,3.525,125063.01000000001,0
2020-08-14 09:00:00,3.5249,3.5279,3.4267,3.5111,84157.01,0
2020-08-14 10:00:00,3.5111,3.7,3.5111,3.693,89229.01,0
2020-08-14 11:00:00,3.6999,3.7598,3.64,3.7173,79718.45,0
2020-08-14 12:00:00,3.7036,3.7133,3.5599,3.56,60119.97,0
2020-08-14 13:00:00,3.56,3.5753,3.5106,3.5711,68746.49,0
2020-08-14 14:00:00,3.559,3.7,3.54,3.5615,55537.33,0
2020-08-14 15:00:00,3.5715,3.6193,3.5501,3.5788,25062.02,0
2020-08-14 16:00:00,3.5753,3.5881,3.5,3.5,62540.61,0
2020-08-14 17:00:00,3.5,3.5025,3.327,3.4031,119611.73999999999,0
2020-08-14 18:00:00,3.3947,3.4385,3.3275,3.3841,92244.78,0
2020-08-14 19:00:00,3.3814,3.3927,3.321,3.3792,62862.340000000004,0
2020-08-14 20:00:00,3.3792,3.4251,3.3598,3.425,25809.71,0
2020-08-14 21:00:00,3.4137,3.4693,3.4136,3.4528,30385.42,0
2020-08-14 22:00:00,3.466,3.4897,3.35,3.3677,49033.5,0
2020-08-14 23:00:00,3.3676,3.4193,3.3321,3.4099,37198.22,0
2020-08-15 00:00:00,3.4181,3.4242,3.1874,3.2756,109295.01,0
2020-08-15 01:00:00,3.283,3.3321,3.2714,3.2782,29553.86,0
2020-08-15 02:00:00,3.2783,3.3358,3.2783,3.3155,33696.16,0
2020-08-15 03:00:00,3.314,3.3485,3.314,3.3289,21878.38,0
2020-08-15 04:00:00,3.3289,3.3438,3.2137,3.2279,38314.48,0
2020-08-15 05:00:00,3.2301,3.5713,3.163,3.4199,190856.22,0
2020-08-15 06:00:00,3.42,3.5151,3.4098,3.457,47723.909999999996,0
2020-08-15 07:00:00,3.4627,3.5621,3.456,3.5215,48305.5,0
2020-08-15 08:00:00,3.5216,3.5598,3.5215,3.5446,43054.82,0
2020-08-15 09:00:00,3.5446,3.74,3.5446,3.6886,98162.23,0
2020-08-15 10:00:00,3.6886,3.7,3.4852,3.4852,96212.83,0
2020-08-15 11:00:00,3.4847,3.5438,3.4477,3.45,25822.61,0
2020-08-15 12:00:00,3.4527,3.4639,3.42,3.433,34060.27,0
2020-08-15 13:00:00,3.433,3.4852,3.38,3.4044,41096.28,0
2020-08-15 14:00:00,3.4167,3.4529,3.4054,3.447,11771.59,0
2020-08-15 15:00:00,3.4469,3.4697,3.4304,3.4324,10880.97,0
2020-08-15 16:00:00,3.4324,3.4627,3.4082,3.4154,11122.29,0
2020-08-15 17:00:00,3.4154,3.4654,3.3949,3.3949,13239.27,0
2020-08-15 18:00:00,3.4143,3.438,3.35,3.3764,24680.21,0
2020-08-15 19:00:00,3.3764,3.4048,3.34,3.3684,22199.59,0
2020-08-15 20:00:00,3.3684,3.3877,3.3656,3.3704,7532.73,0
2020-08-15 21:00:00,3.37,3.4727,3.18,3.2463,52951.68,0
2020-08-15 22:00:00,3.2347,3.2713,3.1943,3.2558,22063.54,0
2020-08-15 23:00:00,3.267,3.2738,3.15,3.173,35758.77,0
2020-08-16 00:00:00,3.173,3.2499,3.17,3.2414,53931.700000000004,0
2020-08-16 01:00:00,3.2319,3.2602,3.17,3.2046,25265.36,0
2020-08-16 02:00:00,3.1855,3.2384,3.12,3.1463,54680.22,0
2020-08-16 03:00:00,3.1368,3.235,3.1244,3.1955,35829.549999999996,0
2020-08-16 04:00:00,3.192,3.2602,3.1697,3.2436,28078.39,0
2020-08-16 05:00:00,3.2403,3.4907,3.2402,3.3178,85567.01,0
2020-08-16 06:00:00,3.3076,3.4384,3.3,3.4321,32101.86,0
2020-08-16 07:00:00,3.4323,3.47,3.33,3.4401,49743.04,0
2020-08-16 08:00:00,3.4401,3.4626,3.3501,3.353,28425.45,0
2020-08-16 09:00:00,3.3529,3.4073,3.3455,3.3957,18090.4,0
2020-08-16 10:00:00,3.392,3.47,3.3594,3.3955,39104.05,0
2020-08-16 11:00:00,3.3954,3.4263,3.34,3.4193,27279.77,0
2020-08-16 12:00:00,3.4193,3.4427,3.3503,3.3753,20632.29,0
2020-08-16 13:00:00,3.3629,3.3753,3.34,3.3594,23350.74,0
2020-08-16 14:00:00,3.348,3.42,3.348,3.3926,16091.82,0
2020-08-16 15:00:00,3.3928,3.4339,3.3705,3.3872,29668.76,0
2020-08-16 16:00:00,3.3911,3.4415,3.379,3.425,15809.42,0
2020-08-16 17:00:00,3.425,3.4628,3.4215,3.4469,24058.4,0
2020-08-16 18:00:00,3.4469,3.4726,3.4334,3.458,12426.01,0
2020-08-16 19:00:00,3.458,3.4726,3.4039,3.4071,13431.02,0
2020-08-16 20:00:00,3.4071,3.4426,3.401,3.4254,7135.99,0
2020-08-16 21:00:00,3.4121,3.4308,3.3638,3.3756,14610.710000000001,0
2020-08-16 22:00:00,3.3913,3.397,3.36,3.3869,6988.91,0
2020-08-16 23:00:00,3.3674,3.3904,3.3601,3.3885,5805.66,0
2020-08-17 00:00:00,3.3885,3.3952,3.3606,3.3662,11334.25,0
2020-08-17 01:00:00,3.3663,3.3816,3.351,3.3549,24402.78,0
2020-08-17 02:00:00,3.3549,3.3738,3.3235,3.3482,35966.59,0
2020-08-17 03:00:00,3.3494,3.3692,3.3436,3.3502,15772.39,0
2020-08-17 04:00:00,3.3551,3.3666,3.2481,3.29,64368.1,0
2020-08-17 05:00:00,3.29,3.317,3.262,3.2825,39261.11,0
2020-08-17 06:00:00,3.2683,3.2892,3.2224,3.2395,35399.22,0
2020-08-17 07:00:00,3.2399,3.2646,3.2,3.2001,34453.31,0
2020-08-17 08:00:00,3.2034,3.3234,3.2002,3.2862,44849.71,0
2020-08-17 09:00:00,3.2862,3.297,3.2734,3.28,24025.0,0
2020-08-17 10:00:00,3.2789,3.2861,3.2669,3.2749,15015.96,0
2020-08-17 11:00:00,3.2749,3.3,3.2669,3.2891,16511.16,0
2020-08-17 12:00:00,3.2891,3.2934,3.2313,3.28,15843.03,0
2020-08-17 13:00:00,3.275,3.2911,3.15,3.2222,47121.53,0
2020-08-17 14:00:00,3.229,3.2421,3.1468,3.2031,39952.81,0
2020-08-17 15:00:00,3.2031,3.2117,3.1,3.1264,71371.53,0
2020-08-17 16:00:00,3.1347,3.215,3.1115,3.2001,43098.840000000004,0
2020-08-17 17:00:00,3.204,3.2134,3.1422,3.157,32500.96,0
2020-08-17 18:00:00,3.157,3.169,3.1207,3.1377,24712.73,0
2020-08-17 19:00:00,3.1377,3.1694,3.11,3.1541,35562.29,0
2020-08-17 20:00:00,3.1541,3.1931,3.1461,3.1802,13001.199999999999,0
2020-08-17 21:00:00,3.1802,3.2,3.177,3.193,2845.45,0
2020-08-17 22:00:00,3.1932,3.2,3.15,3.1668,23324.7,0
2020-08-17 23:00:00,3.1668,3.1668,3.1,3.11,18718.989999999998,0
2020-08-18 00:00:00,3.11,3.1172,3.0333,3.0512,67679.34,0
2020-08-18 01:00:00,3.05,3.0553,3.0,3.0241,64829.1,0
2020-08-18 02:00:00,3.015,3.1277,3.015,3.0562,76968.39,0
2020-08-18 03:00:00,3.0551,3.0617,3.01,3.0328,33610.92,0
2020-08-18 04:00:00,3.0208,3.0671,3.015,3.0426,23611.7,0
2020-08-18 05:00:00,3.0669,3.0669,3.0,3.0122,34895.200000000004,0
2020-08-18 06:00:00,3.0085,3.0197,2.9003,2.916,70804.5,0
2020-08-18 07:00:00,2.9132,2.99,2.878,2.99,87956.91,0
2020-08-18 08:00:00,2.99,2.99,2.91,2.918,36213.28,0
2020-08-18 09:00:00,2.918,3.25,2.918,3.1785,160393.5,0
2020-08-18 10:00:00,3.1608,3.2477,3.0874,3.1269,83023.12,0
2020-08-18 11:00:00,3.1269,3.1431,3.05,3.0672,29491.02,0
2020-08-18 12:00:00,3.0501,3.0668,3.0,3.044,36343.72,0
2020-08-18 13:00:00,3.0353,3.0968,2.9002,2.9472,49444.82,0
2020-08-18 14:00:00,2.936,3.4416,2.8105,3.3217,611762.85,0
2020-08-18 15:00:00,3.3219,3.7092,3.3104,3.3621,676678.58,0
2020-08-18 16:00:00,3.3777,3.4501,3.258,3.4394,207143.98,0
2020-08-18 17:00:00,3.4394,3.4891,3.3613,3.381,106750.81,0
2020-08-18 18:00:00,3.3913,3.4527,3.365,3.4235,47253.72,0
2020-08-18 19:00:00,3.4255,3.5832,3.4254,3.5289,56800.909999999996,0
2020-08-18 20:00:00,3.5289,3.5543,3.4276,3.4276,30956.92,0
2020-08-18 21:00:00,3.4317,3.55,3.4088,3.4511,46316.21,0
2020-08-18 22:00:00,3.4511,3.478,3.381,3.381,37793.32,0
2020-08-18 23:00:00,3.3811,3.4066,3.32,3.3407,36393.12,0
2020-08-19 00:00:00,3.334,3.49,3.3335,3.3986,67029.84,0
2020-08-19 01:00:00,3.3976,3.487,3.3976,3.4691,32174.22,0
2020-08-19 02:00:00,3.4842,3.4872,3.325,3.33,54457.47,0
2020-08-19 03:00:00,3.3387,3.3529,3.0814,3.1075,136463.77,0
2020-08-19 04:00:00,3.1001,3.1427,2.8667,3.0363,158082.08,0
2020-08-19 05:00:00,3.0364,3.0934,2.9,2.9242,93717.74,0
2020-08-19 06:00:00,2.9121,3.0291,2.8,3.0291,117064.0,0
2020-08-19 07:00:00,3.0291,3.0732,2.9503,3.0375,59755.23,0
2020-08-19 08:00:00,3.0376,3.1799,3.0375,3.09,73855.53,0
2020-08-19 09:00:00,3.0903,3.14,3.09,3.1099,35951.58,0
2020-08-19 10:00:00,3.0987,3.1099,3.0,3.0203,29095.95,0
2020-08-19 11:00:00,3.0203,3.0419,3.0,3.01,26167.28,0
2020-08-19 12:00:00,3.01,3.0928,3.0,3.0926,34672.62,0
2020-08-19 13:00:00,3.0927,3.1307,3.026,3.0395,52339.69,0
2020-08-19 14:00:00,3.0331,3.0894,3.0005,3.0007,43692.12,0
2020-08-19 15:00:00,3.0134,3.0522,2.98,3.008,66593.01,0
2020-08-19 16:00:00,2.9955,3.0267,2.9012,2.9717,64452.86,0
2020-08-19 17:00:00,2.9717,3.0291,2.9589,3.0023,25229.469999999998,0
2020-08-19 18:00:00,2.9936,3.0056,2.9314,2.9737,45280.49,0
2020-08-19 19:00:00,2.9722,3.0088,2.93,2.9404,45584.95,0
2020-08-19 20:00:00,2.9407,2.9729,2.82,2.8725,86338.34,0
2020-08-19 21:00:00,2.8884,2.9515,2.8725,2.9012,41028.0,0
2020-08-19 22:00:00,2.9038,2.9735,2.8924,2.9306,21609.54,0
2020-08-19 23:00:00,2.9202,2.9319,2.8769,2.8868,22607.98,0
2020-08-20 00:00:00,2.8962,3.053,2.8871,3.0,53952.2,0
2020-08-20 01:00:00,3.0,3.0321,2.9783,3.0171,18947.25,0
2020-08-20 02:00:00,3.0178,3.0355,2.9995,3.0145,25161.16,0
2020-08-20 03:00:00,3.0,3.0042,2.9122,2.9291,15524.17,0
2020-08-20 04:00:00,2.9291,2.9878,2.92,2.9751,21367.84,0
2020-08-20 05:00:00,2.9734,2.9778,2.9279,2.9382,29418.420000000002,0
2020-08-20 06:00:00,2.943,3.03,2.9228,3.0018,25429.53,0
2020-08-20 07:00:00,3.0072,3.0493,2.968,2.998,36380.73,0
2020-08-20 08:00:00,2.9955,3.0914,2.9895,3.0748,62649.54,0
2020-08-20 09:00:00,3.077,3.17,3.0554,3.1623,84450.3,0
2020-08-20 10:00:00,3.1623,3.1898,3.109,3.154,49623.53,0
2020-08-20 11:00:00,3.154,3.16,3.1123,3.1508,34558.94,0
2020-08-20 12:00:00,3.1508,3.1685,3.1228,3.1399,17378.71,0
2020-08-20 13:00:00,3.13,3.1899,3.109,3.1638,41599.8,0
2020-08-20 14:00:00,3.1638,3.2096,3.1616,3.19,70913.83,0
2020-08-20 15:00:00,3.1899,3.35,3.1814,3.3254,95267.68,0
2020-08-20 16:00:00,3.3441,3.445,3.18,3.3159,228068.05,0
2020-08-20 17:00:00,3.3159,3.4,3.2907,3.3563,56686.12,0
2020-08-20 18:00:00,3.3568,3.36,3.2594,3.2594,52628.49,0
2020-08-20 19:00:00,3.2634,3.3332,3.25,3.3261,32242.239999999998,0
2020-08-20 20:00:00,3.3333,3.4106,3.25,3.2828,54442.32,0
2020-08-20 21:00:00,3.2828,3.29,3.2384,3.2818,91085.81999999999,0
2020-08-20 22:00:00,3.2716,3.3,3.1461,3.177,63045.15,0
2020-08-20 23:00:00,3.1717,3.2168,3.1717,3.2038,17005.5,0
2020-08-21 00:00:00,3.2038,3.2134,3.1104,3.1869,49014.59,0
2020-08-21 01:00:00,3.187,3.196,3.1376,3.1723,54061.9,0
2020-08-21 02:00:00,3.1704,3.2263,3.1346,3.2179,56621.229999999996,0
2020-08-21 03:00:00,3.2179,3.24,3.132,3.16,51802.87,0
2020-08-21 04:00:00,3.1599,3.2168,3.153,3.2,33079.7,0
2020-08-21 05:00:00,3.2,3.2,3.0,3.0627,116042.61,0
2020-08-21 06:00:00,3.0591,3.1,3.0393,3.089,75058.8,0
2020-08-21 07:00:00,3.089,3.1094,3.0433,3.0718,23135.34,0
2020-08-21 08:00:00,3.0617,3.1362,3.06,3.0845,46917.35,0
2020-08-21 09:00:00,3.0845,3.1377,3.0845,3.1086,19348.100000000002,0
2020-08-21 10:00:00,3.1076,3.1076,3.0185,3.0696,66289.40000000001,0
2020-08-21 11:00:00,3.0696,3.12,3.0357,3.0918,55755.62,0
2020-08-21 12:00:00,3.0918,3.0989,3.0,3.05,87673.08,0
2020-08-21 13:00:00,3.05,3.0707,3.01,3.017,33552.48,0
2020-08-21 14:00:00,3.017,3.1,3.017,3.0633,27269.88,0
2020-08-21 15:00:00,3.0564,3.1636,2.9738,3.0127,88310.77,0
2020-08-21 16:00:00,3.0149,3.0706,3.0128,3.0137,22797.58,0
2020-08-21 17:00:00,3.0137,3.0553,3.0,3.0553,13445.6,0
2020-08-21 18:00:00,3.0553,3.0812,2.9877,3.0291,35535.26,0
2020-08-21 19:00:00,3.0291,3.0704,3.0142,3.0483,9623.02,0
2020-08-21 20:00:00,3.0483,3.1137,2.9734,2.9883,17423.260000000002,0
2020-08-21 21:00:00,2.9877,3.1112,2.89,2.9378,77490.78,0
2020-08-21 22:00:00,2.9376,2.9861,2.921,2.9605,34982.52,0
2020-08-21 23:00:00,2.9605,3.0006,2.921,2.9317,36664.16,0
2020-08-22 00:00:00,2.9317,2.9386,2.85,2.85,64249.64,0
2020-08-22 01:00:00,2.85,2.8545,2.8,2.8315,58758.009999999995,0
2020-08-22 02:00:00,2.83,2.8596,2.808,2.838,62151.11,0
2020-08-22 03:00:00,2.8303,2.8437,2.8008,2.814,41616.74,0
2020-08-22 04:00:00,2.814,2.824,2.8037,2.8052,18519.05,0
2020-08-22 05:00:00,2.8052,2.8313,2.7431,2.8249,68806.56,0
2020-08-22 06:00:00,2.8197,2.8463,2.7452,2.7721,125277.4,0
2020-08-22 07:00:00,2.7721,2.8099,2.7562,2.805,47324.97,0
2020-08-22 08:00:00,2.8029,2.8411,2.8,2.81,44278.22,0
2020-08-22 09:00:00,2.8009,2.8377,2.7876,2.834,23996.39,0
2020-08-22 10:00:00,2.826,2.863,2.8253,2.8501,25118.15,0
2020-08-22 11:00:00,2.8501,2.8655,2.85,2.8599,14809.97,0
2020-08-22 12:00:00,2.8599,3.16,2.8586,3.0218,175522.73,0
2020-08-22 13:00:00,3.0295,3.1121,3.0295,3.1121,136116.71,0
2020-08-22 14:00:00,3.1121,3.1379,3.03,3.0399,45150.06,0
2020-08-22 15:00:00,3.042,3.0885,3.039,3.061,34275.14,0
2020-08-22 16:00:00,3.0601,3.0733,3.0499,3.0499,21490.47,0
2020-08-22 17:00:00,3.05,3.2,3.0499,3.118,53622.12,0
2020-08-22 18:00:00,3.12,3.1577,3.0977,3.1237,16676.99,0
2020-08-22 19:00:00,3.1237,3.1529,3.039,3.0536,19049.04,0
2020-08-22 20:00:00,3.0536,3.0661,2.979,3.0081,42505.17,0
2020-08-22 21:00:00,3.0081,3.0432,3.0003,3.0331,6050.62,0
2020-08-22 22:00:00,3.0331,3.0427,3.0121,3.0121,11697.53,0
2020-08-22 23:00:00,3.0128,3.0377,3.0108,3.0126,12354.99,0
2020-08-23 00:00:00,3.0224,3.0368,3.0014,3.0343,32197.89,0
2020-08-23 01:00:00,3.0343,3.1003,3.0276,3.1003,29928.97,0
2020-08-23 02:00:00,3.1019,3.2295,3.0922,3.2295,74593.3,0
2020-08-23 03:00:00,3.2112,3.2857,3.1121,3.1121,89320.59,0
2020-08-23 04:00:00,3.1122,3.2111,3.1103,3.1453,37422.18,0
2020-08-23 05:00:00,3.1464,3.1569,3.0483,3.0501,51177.81,0
2020-08-23 06:00:00,3.0641,3.1306,3.06,3.1286,34426.74,0
2020-08-23 07:00:00,3.1286,3.1301,3.0618,3.0723,37065.83,0
2020-08-23 08:00:00,3.07,3.0707,3.0292,3.035,15655.67,0
2020-08-23 09:00:00,3.035,3.0639,3.0258,3.0638,31875.769999999997,0
2020-08-23 10:00:00,3.0638,3.0782,3.0303,3.0442,24266.96,0
2020-08-23 11:00:00,3.0442,3.067,3.034,3.034,23025.46,0
2020-08-23 12:00:00,3.034,3.0505,3.0073,3.0265,15502.539999999999,0
2020-08-23 13:00:00,3.0285,3.0751,3.0175,3.0419,28625.24,0
2020-08-23 14:00:00,3.0391,3.11,3.0391,3.08,29919.16,0
2020-08-23 15:00:00,3.08,3.1301,3.0584,3.1301,28495.100000000002,0
2020-08-23 16:00:00,3.1299,3.35,3.1105,3.3425,254595.74,0
2020-08-23 17:00:00,3.3421,3.3451,3.2705,3.276,73348.97,0
2020-08-23 18:00:00,3.276,3.39,3.276,3.3542,54660.0,0
2020-08-23 19:00:00,3.35,3.4,3.3133,3.3917,50716.46,0
2020-08-23 20:00:00,3.399,3.4,3.1949,3.2865,90331.45999999999,0
2020-08-23 21:00:00,3.2901,3.4,3.29,3.3915,37261.32,0
2020-08-23 22:00:00,3.3915,3.4,3.3148,3.3248,25417.33,0
2020-08-23 23:00:00,3.3248,3.3383,3.25,3.25,28206.2,0
2020-08-24 00:00:00,3.2658,3.2856,3.2144,3.2506,23629.96,0
2020-08-24 01:00:00,3.2377,3.2829,3.2377,3.2715,8704.44,0
2020-08-24 02:00:00,3.2715,3.3711,3.2715,3.3525,30640.85,0
2020-08-24 03:00:00,3.3356,3.3615,3.28,3.285,27733.73,0
2020-08-24 04:00:00,3.285,3.3166,3.26,3.278,32197.149999999998,0
2020-08-24 05:00:00,3.2778,3.3181,3.2572,3.3125,18122.61,0
2020-08-24 06:00:00,3.3125,3.4695,3.305,3.4614,90410.18000000001,0
2020-08-24 07:00:00,3.468,3.4849,3.398,3.4479,74537.01,0
2020-08-24 08:00:00,3.4478,3.5964,3.408,3.5944,109213.84,0
2020-08-24 09:00:00,3.58,3.62,3.5048,3.5429,134340.83,0
2020-08-24 10:00:00,3.5429,3.56,3.3694,3.45,151451.82,0
2020-08-24 11:00:00,3.45,3.4693,3.326,3.4632,46018.619999999995,0
2020-08-24 12:00:00,3.4707,3.5097,3.4594,3.4806,33582.76,0
2020-08-24 13:00:00,3.4806,3.5727,3.48,3.5727,36476.49,0
2020-08-24 14:00:00,3.5727,3.5727,3.4814,3.4939,51443.49,0
2020-08-24 15:00:00,3.4831,3.4907,3.3888,3.4696,55141.76,0
2020-08-24 16:00:00,3.4696,3.5356,3.4384,3.4728,64799.4,0
2020-08-24 17:00:00,3.4738,3.5363,3.4662,3.5265,33789.979999999996,0
2020-08-24 18:00:00,3.5084,3.5324,3.2827,3.326,112941.08,0
2020-08-24 19:00:00,3.3275,3.3341,3.25,3.2812,39133.479999999996,0
2020-08-24 20:00:00,3.2768,3.3244,3.21,3.2832,37899.68,0
2020-08-24 21:00:00,3.2761,3.3226,3.2692,3.28,31115.52,0
2020-08-24 22:00:00,3.28,3.2899,3.23,3.245,27467.81,0
2020-08-24 23:00:00,3.2451,3.356,3.2451,3.3405,44403.57,0
2020-08-25 00:00:00,3.3406,3.3654,3.291,3.3079,45028.07,0
2020-08-25 01:00:00,3.2953,3.3472,3.2953,3.333,28158.73,0
2020-08-25 02:00:00,3.3331,3.3406,3.1421,3.1948,113866.3,0
2020-08-25 03:00:00,3.1948,3.2,3.15,3.1503,40471.61,0
2020-08-25 04:00:00,3.1506,3.2151,3.1362,3.2069,33946.23,0
2020-08-25 05:00:00,3.2069,3.2259,3.2,3.2229,34814.93,0
2020-08-25 06:00:00,3.2108,3.2229,3.133,3.133,31253.809999999998,0
2020-08-25 07:00:00,3.133,3.1614,3.0601,3.1508,67012.38,0
2020-08-25 08:00:00,3.15,3.16,3.0691,3.1572,47119.6,0
2020-08-25 09:00:00,3.1501,3.2338,3.1,3.22,48501.619999999995,0
2020-08-25 10:00:00,3.2337,3.2379,3.1454,3.199,29971.45,0
2020-08-25 11:00:00,3.199,3.2049,3.1625,3.18,18628.19,0
2020-08-25 12:00:00,3.18,3.22,3.1385,3.1925,62711.54,0
2020-08-25 13:00:00,3.1819,3.2294,3.1298,3.142,55772.43,0
2020-08-25 14:00:00,3.142,3.142,3.0001,3.0886,106615.0,0
2020-08-25 15:00:00,3.1,3.1376,3.03,3.11,50467.08,0
2020-08-25 16:00:00,3.11,3.1419,3.0716,3.1008,48452.14,0
2020-08-25 17:00:00,3.0841,3.1419,3.0544,3.1011,83206.49,0
2020-08-25 18:00:00,3.0949,3.2495,3.07,3.2183,84132.5,0
2020-08-25 19:00:00,3.2094,3.2141,3.0445,3.12,36193.64,0
2020-08-25 20:00:00,3.1215,3.1309,3.1,3.1002,17084.68,0
2020-08-25 21:00:00,3.1003,3.1242,3.1001,3.1099,8853.14,0
2020-08-25 22:00:00,3.124,3.2183,3.1099,3.2132,7439.33,0
2020-08-25 23:00:00,3.2217,3.2854,3.17,3.25,49486.479999999996,0
2020-08-26 00:00:00,3.2576,3.2662,3.2,3.2,24505.54,0
2020-08-26 01:00:00,3.2,3.2244,3.1809,3.1969,22548.4,0
2020-08-26 02:00:00,3.1969,3.2907,3.1881,3.2751,44529.03,0
2020-08-26 03:00:00,3.2765,3.4136,3.2611,3.378,96816.53,0
2020-08-26 04:00:00,3.37,3.52,3.3259,3.4306,163570.97,0
2020-08-26 05:00:00,3.4305,3.55,3.4062,3.5476,123800.7,0
2020-08-26 06:00:00,3.5439,3.5769,3.3155,3.3553,206877.77,0
2020-08-26 07:00:00,3.3553,3.456,3.2836,3.443,79613.16,0
2020-08-26 08:00:00,3.443,3.4499,3.3288,3.334,70159.39,0
2020-08-26 09:00:00,3.3359,3.4266,3.3342,3.4,31119.37,0
2020-08-26 10:00:00,3.3945,3.5139,3.35,3.5065,80795.2,0
2020-08-26 11:00:00,3.5099,3.614,3.4237,3.605,160737.73,0
2020-08-26 12:00:00,3.605,3.6886,3.4097,3.475,252801.04,0
2020-08-26 13:00:00,3.475,3.6428,3.45,3.5357,110526.75,0
2020-08-26 14:00:00,3.5439,3.6346,3.5439,3.5899,88073.22,0
2020-08-26 15:00:00,3.59,3.68,3.5821,3.6567,107628.02,0
2020-08-26 16:00:00,3.6487,3.6955,3.6047,3.6949,98368.81,0
2020-08-26 17:00:00,3.6901,3.7999,3.6297,3.6605,203782.91,0
2020-08-26 18:00:00,3.6709,3.6865,3.59,3.6323,70899.9,0
2020-08-26 19:00:00,3.6458,3.6945,3.6151,3.627,44224.69,0
2020-08-26 20:00:00,3.6342,3.68,3.535,3.535,48093.0,0
2020-08-26 21:00:00,3.5472,3.5568,3.5,3.5428,69484.12,0
2020-08-26 22:00:00,3.5331,3.5435,3.5,3.5053,27157.65,0
2020-08-26 23:00:00,3.5053,3.588,3.5,3.5684,63916.659999999996,0
2020-08-27 00:00:00,3.5557,3.644,3.5556,3.6008,56436.869999999995,0
2020-08-27 01:00:00,3.6009,3.6341,3.5704,3.5708,46058.22,0
2020-08-27 02:00:00,3.5709,3.5761,3.4761,3.5,82818.49,0
2020-08-27 03:00:00,3.5002,3.5622,3.4825,3.5037,43540.72,0
2020-08-27 04:00:00,3.4901,3.5241,3.49,3.5004,21526.28,0
2020-08-27 05:00:00,3.5004,3.5027,3.4242,3.4337,98468.13,0
2020-08-27 06:00:00,3.43,3.5107,3.39,3.5052,83620.93000000001,0
2020-08-27 07:00:00,3.5057,3.8,3.5052,3.697,232484.67,0
2020-08-27 08:00:00,3.6991,3.8575,3.6594,3.8038,209586.43,0
2020-08-27 09:00:00,3.8078,3.8078,3.6859,3.7303,148751.03,0
2020-08-27 10:00:00,3.7236,3.7305,3.6219,3.6701,83038.99,0
2020-08-27 11:00:00,3.6701,3.6896,3.3,3.4078,228592.49,0
2020-08-27 12:00:00,3.4078,3.5021,3.315,3.42,143628.76,0
2020-08-27 13:00:00,3.4256,3.8,3.3257,3.6784,302961.53,0
2020-08-27 14:00:00,3.6784,3.6785,3.4,3.4333,171586.29,0
2020-08-27 15:00:00,3.4322,3.6097,3.4284,3.4623,100130.84,0
2020-08-27 16:00:00,3.4623,3.5293,3.3295,3.3422,104603.81999999999,0
2020-08-27 17:00:00,3.3404,3.3854,3.2434,3.3269,104096.29,0
2020-08-27 18:00:00,3.3181,3.3791,3.3158,3.3761,30770.38,0
2020-08-27 19:00:00,3.3761,3.3928,3.3651,3.3735,14636.880000000001,0
2020-08-27 20:00:00,3.3674,3.3845,3.3507,3.36,18063.34,0
2020-08-27 21:00:00,3.36,3.3699,3.3246,3.36,15279.179999999998,0
2020-08-27 22:00:00,3.36,3.3792,3.3333,3.3333,17896.38,0
2020-08-27 23:00:00,3.3336,3.4632,3.3333,3.4501,54397.86,0
2020-08-28 00:00:00,3.4503,3.5876,3.4503,3.58,42109.76,0
2020-08-28 01:00:00,3.58,3.6,3.5658,3.5888,25012.74,0
2020-08-28 02:00:00,3.5888,3.7191,3.5877,3.6636,119543.05,0
2020-08-28 03:00:00,3.6738,3.8,3.6618,3.7605,157724.74,0
2020-08-28 04:00:00,3.7605,3.7898,3.6,3.6884,113453.31999999999,0
2020-08-28 05:00:00,3.6817,3.7723,3.6817,3.7673,44369.38,0
2020-08-28 06:00:00,3.7538,3.81,3.75,3.7779,112939.04000000001,0
2020-08-28 07:00:00,3.7707,3.8,3.6,3.67,111022.96,0
2020-08-28 08:00:00,3.6654,3.8051,3.6467,3.805,110341.56,0
2020-08-28 09:00:00,3.805,3.8398,3.6825,3.7444,96198.54,0
2020-08-28 10:00:00,3.7496,3.752,3.7011,3.7502,35249.48,0
2020-08-28 11:00:00,3.7535,3.95,3.7437,3.9479,119283.81,0
2020-08-28 12:00:00,3.9444,3.9673,3.8624,3.9399,140499.62,0
2020-08-28 13:00:00,3.945,3.948,3.836,3.8367,49424.96,0
2020-08-28 14:00:00,3.836,3.9273,3.8128,3.853,77660.36,0
2020-08-28 15:00:00,3.853,3.9254,3.8329,3.8769,54290.1,0
2020-08-28 16:00:00,3.8769,4.0199,3.8543,4.0175,125440.67,0
2020-08-28 17:00:00,4.0174,4.0509,3.82,4.045,124171.96,0
2020-08-28 18:00:00,4.045,4.0894,3.9614,4.0501,150520.54,0
2020-08-28 19:00:00,4.0542,4.3,4.0542,4.1871,253944.2,0
2020-08-28 20:00:00,4.1875,4.3091,4.1027,4.1366,105511.64,0
2020-08-28 21:00:00,4.1367,4.1988,3.9846,4.0233,220021.77,0
2020-08-28 22:00:00,4.0234,4.0372,3.8972,3.965,148528.16,0
2020-08-28 23:00:00,3.9588,4.0271,3.9045,4.0063,44674.479999999996,0
2020-08-29 00:00:00,4.007,4.0266,3.8751,3.8764,83280.97,0
2020-08-29 01:00:00,3.8781,4.0374,3.8781,4.02,37783.68,0
2020-08-29 02:00:00,4.02,4.1121,4.0016,4.02,48947.73,0
2020-08-29 03:00:00,4.0155,4.016,3.9046,3.9382,58448.17,0
2020-08-29 04:00:00,3.9382,3.9676,3.855,3.8565,67441.12,0
2020-08-29 05:00:00,3.8691,3.9375,3.8582,3.89,29056.22,0
2020-08-29 06:00:00,3.8818,3.9265,3.8316,3.919,45447.26,0
2020-08-29 07:00:00,3.919,3.9261,3.7911,3.794,151349.51,0
2020-08-29 08:00:00,3.794,3.92,3.7748,3.8852,72395.81,0
2020-08-29 09:00:00,3.8914,4.0058,3.8817,3.979,69328.89,0
2020-08-29 10:00:00,3.9791,3.9869,3.8661,3.8792,40444.85,0
2020-08-29 11:00:00,3.8792,3.9154,3.86,3.8989,26431.05,0
2020-08-29 12:00:00,3.8989,3.99,3.8889,3.9168,41089.54,0
2020-08-29 13:00:00,3.9168,3.9299,3.8846,3.8946,46409.22,0
2020-08-29 14:00:00,3.8826,3.98,3.8663,3.98,59906.68,0
2020-08-29 15:00:00,3.98,4.0667,3.96,4.0502,95240.39,0
2020-08-29 16:00:00,4.0381,4.1119,3.905,3.9101,104538.99,0
2020-08-29 17:00:00,3.9101,3.975,3.89,3.8969,50634.45,0
2020-08-29 18:00:00,3.89,3.9698,3.8701,3.9698,33749.65,0
2020-08-29 19:00:00,3.9533,4.092,3.953,3.97,59222.97,0
2020-08-29 20:00:00,3.97,4.08,3.9362,4.0472,30203.09,0
2020-08-29 21:00:00,4.0472,4.06,3.973,3.9911,30873.77,0
2020-08-29 22:00:00,3.9926,4.064,3.9909,4.0487,37686.59,0
2020-08-29 23:00:00,4.0255,4.0479,3.9512,3.9535,22933.6,0
2020-08-30 00:00:00,3.9531,3.989,3.9,3.9748,47678.67,0
2020-08-30 01:00:00,3.9748,4.0067,3.9559,3.973,43093.2,0
2020-08-30 02:00:00,3.9731,3.988,3.9527,3.96,37248.14,0
2020-08-30 03:00:00,3.96,4.0262,3.9585,4.0227,48265.670000000006,0
2020-08-30 04:00:00,4.0085,4.0444,3.9923,4.0439,43301.57,0
2020-08-30 05:00:00,4.0398,4.3645,4.0111,4.25,217932.57,0
2020-08-30 06:00:00,4.245,4.36,4.18,4.2728,86717.09999999999,0
2020-08-30 07:00:00,4.2729,4.3352,4.266,4.31,36238.58,0
2020-08-30 08:00:00,4.31,4.5416,4.2843,4.5131,145574.95,0
2020-08-30 09:00:00,4.5078,4.5842,4.3,4.3231,164742.83,0
2020-08-30 10:00:00,4.3228,4.5848,4.3065,4.5824,110444.65,0
2020-08-30 11:00:00,4.58,4.58,4.493,4.5585,53956.04,0
2020-08-30 12:00:00,4.55,4.7117,4.5221,4.5718,232455.56,0
2020-08-30 13:00:00,4.5724,4.5881,4.362,4.478,121115.48,0
2020-08-30 14:00:00,4.4786,4.5277,4.4311,4.4802,36683.21,0
2020-08-30 15:00:00,4.4753,4.4852,4.38,4.4275,45823.590000000004,0
2020-08-30 16:00:00,4.4185,4.4989,4.4,4.4,36402.75,0
2020-08-30 17:00:00,4.4,4.58,4.4,4.58,33320.87,0
2020-08-30 18:00:00,4.5775,4.6147,4.4865,4.61,53767.34,0
2020-08-30 19:00:00,4.61,4.6253,4.4858,4.53,43289.33,0
2020-08-30 20:00:00,4.5397,4.6029,4.4955,4.5044,49953.87,0
2020-08-30 21:00:00,4.5246,4.5246,4.3863,4.4168,37628.17,0
2020-08-30 22:00:00,4.4164,4.4546,4.352,4.415,53518.81,0
2020-08-30 23:00:00,4.406,4.465,4.3947,4.4309,36529.04,0
2020-08-31 00:00:00,4.4127,4.5,4.4073,4.4738,31619.83,0
2020-08-31 01:00:00,4.4749,4.5495,4.4749,4.5201,15696.6,0
2020-08-31 02:00:00,4.5362,4.551,4.4872,4.4872,27762.05,0
2020-08-31 03:00:00,4.4872,4.4921,4.2787,4.339,119764.09999999999,0
2020-08-31 04:00:00,4.3326,4.35,4.25,4.2519,44598.54,0
2020-08-31 05:00:00,4.2572,4.2572,4.2116,4.2169,39320.46,0
2020-08-31 06:00:00,4.2169,4.2826,4.2115,4.2695,31053.9,0
2020-08-31 07:00:00,4.2695,4.28,4.1,4.1058,110601.37,0
2020-08-31 08:00:00,4.1058,4.2727,4.1028,4.27,42605.9,0
2020-08-31 09:00:00,4.27,4.2718,4.1884,4.19,62886.85,0
2020-08-31 10:00:00,4.19,4.279,4.1556,4.2742,28765.86,0
2020-08-31 11:00:00,4.2752,4.29,4.2501,4.2768,28149.829999999998,0
2020-08-31 12:00:00,4.2708,4.2814,4.2284,4.2715,32938.15,0
2020-08-31 13:00:00,4.2727,4.3566,4.2128,4.2128,59246.97,0
2020-08-31 14:00:00,4.2149,4.347,4.1439,4.342,73855.71,0
2020-08-31 15:00:00,4.331,4.5,4.3307,4.3641,63283.36,0
2020-08-31 16:00:00,4.364,4.3657,4.2932,4.2975,32281.32,0
2020-08-31 17:00:00,4.3112,4.3468,4.282,4.3077,35203.99,0
2020-08-31 18:00:00,4.3174,4.5088,4.3162,4.5035,81924.83,0
2020-08-31 19:00:00,4.5041,4.7999,4.5,4.7997,138658.89,0
2020-08-31 20:00:00,4.7879,4.87,4.64,4.6686,206239.52,0
2020-08-31 21:00:00,4.6629,4.7205,4.5393,4.5527,54347.75,0
2020-08-31 22:00:00,4.5448,4.75,4.5373,4.6969,61803.84,0
2020-08-31 23:00:00,4.6968,4.8865,4.6756,4.7435,74519.5,0
2020-09-01 00:00:00,4.7432,4.7784,4.5,4.7782,116796.03,0
2020-09-01 01:00:00,4.7781,4.7928,4.6,4.6017,70909.55,0
2020-09-01 02:00:00,4.6101,4.6803,4.587,4.6612,72164.62,0
2020-09-01 03:00:00,4.6616,4.7948,4.6411,4.7564,61020.020000000004,0
2020-09-01 04:00:00,4.7466,4.9475,4.743,4.8552,124149.24,0
2020-09-01 05:00:00,4.8522,4.8597,4.79,4.8575,53481.82,0
2020-09-01 06:00:00,4.8406,4.8568,4.5994,4.61,102929.11,0
2020-09-01 07:00:00,4.61,4.7058,4.574,4.69,59908.11,0
2020-09-01 08:00:00,4.69,4.7178,4.6704,4.6704,46088.18,0
2020-09-01 09:00:00,4.6705,4.715,4.663,4.709,22881.3,0
2020-09-01 10:00:00,4.6955,4.7469,4.6897,4.7259,19217.03,0
2020-09-01 11:00:00,4.726,4.7371,4.513,4.5225,70464.44,0
2020-09-01 12:00:00,4.5108,4.6,4.5104,4.5901,41014.58,0
2020-09-01 13:00:00,4.5956,4.6,4.5138,4.5469,22821.45,0
2020-09-01 14:00:00,4.53,4.5395,4.4601,4.475,49549.55,0
2020-09-01 15:00:00,4.4785,4.5,4.4409,4.4575,48328.06,0
2020-09-01 16:00:00,4.4645,4.5277,4.4311,4.4803,66922.6,0
2020-09-01 17:00:00,4.4798,4.505,4.4613,4.4898,33747.62,0
2020-09-01 18:00:00,4.4882,4.5119,4.4706,4.49,30789.9,0
2020-09-01 19:00:00,4.4927,4.6232,4.4863,4.5959,33338.99,0
2020-09-01 20:00:00,4.5959,4.6275,4.54,4.54,18435.78,0
2020-09-01 21:00:00,4.541,4.5982,4.471,4.4966,33497.75,0
2020-09-01 22:00:00,4.4965,4.5005,4.443,4.47,16384.52,0
2020-09-01 23:00:00,4.458,4.4904,4.3,4.3397,52734.51,0
2020-09-02 00:00:00,4.3213,4.3448,4.2,4.234,90070.2,0
2020-09-02 01:00:00,4.233,4.2728,4.19,4.2655,88197.15000000001,0
2020-09-02 02:00:00,4.2664,4.3194,4.25,4.3055,31150.48,0
2020-09-02 03:00:00,4.3055,4.3498,4.3,4.3492,18043.1,0
2020-09-02 04:00:00,4.3345,4.3506,4.283,4.283,52025.1,0
2020-09-02 05:00:00,4.283,4.3146,4.283,4.3146,19415.71,0
2020-09-02 06:00:00,4.3008,4.3223,4.21,4.26,77449.11,0
2020-09-02 07:00:00,4.2572,4.2809,4.215,4.2366,33053.56,0
2020-09-02 08:00:00,4.2366,4.2626,4.1354,4.1722,168494.3,0
2020-09-02 09:00:00,4.1784,4.1835,4.0,4.0966,207575.88,0
2020-09-02 10:00:00,4.07,4.2283,3.9069,3.9099,221113.97,0
2020-09-02 11:00:00,3.9182,4.0967,3.66,4.0717,262234.22000000003,0
2020-09-02 12:00:00,4.0855,4.1477,3.916,4.0474,133830.73,0
2020-09-02 13:00:00,4.041,4.0753,3.8553,3.9745,89915.5,0
2020-09-02 14:00:00,3.9748,4.1504,3.8979,4.0423,134640.15,0
2020-09-02 15:00:00,4.0288,4.1505,4.0288,4.0811,60915.61,0
2020-09-02 16:00:00,4.0811,4.0866,3.8581,3.88,82824.87,0
2020-09-02 17:00:00,3.8824,4.0343,3.8824,3.9732,72795.20999999999,0
2020-09-02 18:00:00,3.9731,4.0799,3.9388,4.0639,36696.04,0
2020-09-02 19:00:00,4.0573,4.1654,4.0573,4.0782,16089.22,0
2020-09-02 20:00:00,4.0782,4.1148,4.0582,4.1014,34665.26,0
2020-09-02 21:00:00,4.1019,4.1146,3.9911,4.0,24636.899999999998,0
2020-09-02 22:00:00,4.0,4.06,3.9917,4.0404,11690.96,0
2020-09-02 23:00:00,4.0406,4.195,4.0404,4.17,34535.13,0
2020-09-03 00:00:00,4.17,4.1794,4.03,4.031,32677.69,0
2020-09-03 01:00:00,4.03,4.0419,3.9388,3.9548,41284.58,0
2020-09-03 02:00:00,3.95,3.9728,3.9108,3.9497,43172.87,0
2020-09-03 03:00:00,3.9419,4.027,3.881,3.8978,87929.36,0
2020-09-03 04:00:00,3.8977,4.0109,3.8837,4.0,68863.09,0
2020-09-03 05:00:00,3.9927,4.2,3.8686,3.994,188053.54,0
2020-09-03 06:00:00,3.9937,4.0463,3.956,4.0009,98281.73,0
2020-09-03 07:00:00,4.0083,4.38,3.988,4.3796,104704.2,0
2020-09-03 08:00:00,4.3729,4.459,4.2628,4.3164,296679.67,0
2020-09-03 09:00:00,4.3165,4.3366,4.29,4.3139,84452.03,0
2020-09-03 10:00:00,4.3092,4.3467,4.0,4.032,160878.44,0
2020-09-03 11:00:00,4.032,4.1919,4.0126,4.1181,154121.85,0
2020-09-03 12:00:00,4.1083,4.1332,3.63,3.86,539898.72,0
2020-09-03 13:00:00,3.8637,4.1326,3.8601,4.035,201634.8,0
2020-09-03 14:00:00,4.0235,4.0502,3.8412,3.9068,161472.34,0
2020-09-03 15:00:00,3.9068,3.9202,3.5,3.8026,347635.74,0
2020-09-03 16:00:00,3.8022,3.949,3.7401,3.88,142883.8,0
2020-09-03 17:00:00,3.8799,4.04,3.8614,3.8958,104189.72,0
2020-09-03 18:00:00,3.9091,3.9246,3.7859,3.8077,72513.89,0
2020-09-03 19:00:00,3.8079,3.8824,3.7682,3.8521,39593.38,0
2020-09-03 20:00:00,3.8465,3.9199,3.8418,3.9101,17933.73,0
2020-09-03 21:00:00,3.91,4.0,3.8139,3.8206,38321.35,0
2020-09-03 22:00:00,3.8325,3.8427,3.7019,3.7032,55502.42,0
2020-09-03 23:00:00,3.7032,3.7056,3.4772,3.5051,192933.32,0
2020-09-04 00:00:00,3.5062,3.8346,3.505,3.7283,196628.34,0
2020-09-04 01:00:00,3.72,3.7254,3.5365,3.7002,146896.30000000002,0
2020-09-04 02:00:00,3.6947,3.7003,3.4897,3.6333,131810.8,0
2020-09-04 03:00:00,3.629,3.6768,3.58,3.6169,56523.15,0
2020-09-04 04:00:00,3.6171,3.82,3.6168,3.6873,105837.33,0
2020-09-04 05:00:00,3.6888,3.7013,3.56,3.6249,64015.299999999996,0
2020-09-04 06:00:00,3.6201,3.625,3.4952,3.5,131385.04,0
2020-09-04 07:00:00,3.5001,3.6072,3.4734,3.5284,118984.88,0
2020-09-04 08:00:00,3.5256,3.7367,3.5256,3.7211,98643.44,0
2020-09-04 09:00:00,3.7211,3.7989,3.6868,3.7989,35605.81,0
2020-09-04 10:00:00,3.7989,3.8031,3.67,3.6701,42663.48,0
2020-09-04 11:00:00,3.6701,3.6738,3.5545,3.5727,51657.12,0
2020-09-04 12:00:00,3.5704,3.6633,3.5,3.5738,104692.70999999999,0
2020-09-04 13:00:00,3.568,3.6241,3.5,3.5458,56990.72,0
2020-09-04 14:00:00,3.5456,3.5522,3.18,3.3603,210891.9,0
2020-09-04 15:00:00,3.3647,3.3812,3.1739,3.3369,198328.13,0
2020-09-04 16:00:00,3.3374,3.4545,3.25,3.4415,79663.55,0
2020-09-04 17:00:00,3.4412,3.4948,3.35,3.4155,50340.49,0
2020-09-04 18:00:00,3.4139,3.5099,3.3736,3.4943,50139.86,0
2020-09-04 19:00:00,3.4943,3.538,3.4804,3.5249,18035.73,0
2020-09-04 20:00:00,3.5376,3.5885,3.525,3.5778,15057.82,0
2020-09-04 21:00:00,3.578,3.6299,3.5778,3.5975,18953.06,0
2020-09-04 22:00:00,3.5978,3.7,3.5793,3.6046,46859.130000000005,0
2020-09-04 23:00:00,3.6018,3.6204,3.52,3.5301,21593.15,0
2020-09-05 00:00:00,3.5301,3.6067,3.5301,3.5381,20791.06,0
2020-09-05 01:00:00,3.54,3.6493,3.5302,3.6286,48803.840000000004,0
2020-09-05 02:00:00,3.6209,3.6549,3.5962,3.6036,47494.32,0
2020-09-05 03:00:00,3.6092,3.6637,3.553,3.553,36912.13,0
2020-09-05 04:00:00,3.5531,3.5974,3.4959,3.5017,51480.77,0
2020-09-05 05:00:00,3.5018,3.5271,3.4519,3.452,35403.79,0
2020-09-05 06:00:00,3.452,3.4917,3.3868,3.4765,38020.4,0
2020-09-05 07:00:00,3.4766,3.4913,3.35,3.3853,45981.9,0
2020-09-05 08:00:00,3.3854,3.3912,3.1674,3.1721,125916.98,0
2020-09-05 09:00:00,3.1721,3.1762,3.0138,3.0256,189048.05,0
2020-09-05 10:00:00,3.0201,3.0201,2.7372,2.8019,498660.35000000003,0
2020-09-05 11:00:00,2.8021,2.8091,2.0926,2.4784,1224964.88,0
2020-09-05 12:00:00,2.4826,2.6937,2.3758,2.4,488866.13,0
2020-09-05 13:00:00,2.4004,2.8,2.3832,2.7303,237809.19,0
2020-09-05 14:00:00,2.7304,2.832,2.6173,2.7931,196810.83,0
2020-09-05 15:00:00,2.8024,2.8292,2.65,2.65,200439.25,0
2020-09-05 16:00:00,2.6581,2.7891,2.4825,2.5837,269411.06,0
2020-09-05 17:00:00,2.5836,2.6227,2.3953,2.4435,158397.66,0
2020-09-05 18:00:00,2.4409,2.4808,2.2501,2.4053,157483.62,0
2020-09-05 19:00:00,2.4,2.4386,2.2466,2.3455,149636.13,0
2020-09-05 20:00:00,2.337,2.5964,2.326,2.5036,97565.37,0
2020-09-05 21:00:00,2.5036,2.5741,2.4664,2.5346,41320.18,0
2020-09-05 22:00:00,2.5347,2.5768,2.5159,2.5358,22303.8,0
2020-09-05 23:00:00,2.5341,2.6596,2.4554,2.6052,42745.69,0
2020-09-06 00:00:00,2.6119,2.777,2.6052,2.777,71526.56,0
2020-09-06 01:00:00,2.7739,2.7999,2.3893,2.4355,163934.59,0
2020-09-06 02:00:00,2.4283,2.5045,2.2575,2.3969,216937.83,0
2020-09-06 03:00:00,2.3874,2.4119,2.3,2.3044,91587.96,0
2020-09-06 04:00:00,2.3119,2.4,2.2742,2.331,115266.31999999999,0
2020-09-06 05:00:00,2.3317,2.4161,2.2851,2.4161,86074.59,0
2020-09-06 06:00:00,2.4123,2.4984,2.3064,2.489,92383.92,0
2020-09-06 07:00:00,2.4899,2.79,2.3809,2.788,299032.56,0
2020-09-06 08:00:00,2.7809,2.9278,2.6335,2.8312,317786.14,0
2020-09-06 09:00:00,2.8313,2.9284,2.6884,2.7794,181495.78,0
2020-09-06 10:00:00,2.7795,2.8643,2.7325,2.8252,124583.81,0
2020-09-06 11:00:00,2.8252,2.9522,2.8,2.9485,135183.67,0
2020-09-06 12:00:00,2.9485,3.1389,2.9219,3.0308,202426.91999999998,0
2020-09-06 13:00:00,3.0308,3.0748,2.882,3.065,131359.43,0
2020-09-06 14:00:00,3.0581,3.1195,2.8772,2.942,156896.49,0
2020-09-06 15:00:00,2.942,2.9592,2.7661,2.8906,115072.75,0
2020-09-06 16:00:00,2.8911,3.0712,2.8497,2.9422,135882.41,0
2020-09-06 17:00:00,2.943,2.96,2.8702,2.8909,35624.06,0
2020-09-06 18:00:00,2.8909,2.918,2.8531,2.9178,16866.34,0
2020-09-06 19:00:00,2.9181,2.9615,2.8656,2.9615,38375.26,0
2020-09-06 20:00:00,2.96,3.0386,2.9372,3.0036,29196.64,0
2020-09-06 21:00:00,3.0077,3.14,2.9763,3.1301,46840.24,0
2020-09-06 22:00:00,3.13,3.18,3.0201,3.0328,83019.72,0
2020-09-06 23:00:00,3.047,3.1,3.0366,3.0941,11404.92,0
2020-09-07 00:00:00,3.0785,3.1983,3.077,3.185,36450.08,0
2020-09-07 01:00:00,3.1851,3.1851,3.1091,3.1466,38627.83,0
2020-09-07 02:00:00,3.1469,3.1591,2.9409,2.9409,103210.06,0
2020-09-07 03:00:00,2.9573,2.9613,2.8671,2.9213,101824.15,0
2020-09-07 04:00:00,2.9282,2.959,2.8561,2.8711,58168.95,0
2020-09-07 05:00:00,2.8652,2.9194,2.8271,2.8295,59898.9,0
2020-09-07 06:00:00,2.8295,2.8636,2.782,2.8044,125029.94,0
2020-09-07 07:00:00,2.7979,2.8919,2.7815,2.8097,76859.6,0
2020-09-07 08:00:00,2.8012,2.8932,2.7814,2.8186,61028.79,0
2020-09-07 09:00:00,2.8158,2.855,2.8044,2.84,30044.97,0
2020-09-07 10:00:00,2.8425,2.8543,2.7753,2.78,127513.45000000001,0
2020-09-07 11:00:00,2.7759,2.8238,2.5,2.53,342736.8,0
2020-09-07 12:00:00,2.5395,2.6078,2.38,2.5071,339135.21,0
2020-09-07 13:00:00,2.4998,2.67,2.3828,2.668,311234.89,0
2020-09-07 14:00:00,2.6618,2.6618,2.52,2.5271,167032.35,0
2020-09-07 15:00:00,2.527,2.752,2.5201,2.6955,170408.22,0
2020-09-07 16:00:00,2.6957,2.809,2.6,2.7431,182878.01,0
2020-09-07 17:00:00,2.743,2.8035,2.71,2.7657,99625.59,0
2020-09-07 18:00:00,2.7698,2.7834,2.7596,2.7601,18912.46,0
2020-09-07 19:00:00,2.7611,2.8058,2.7,2.7,44563.53,0
2020-09-07 20:00:00,2.7089,2.7122,2.65,2.6892,30334.37,0
2020-09-07 21:00:00,2.6892,2.7374,2.6892,2.717,27267.25,0
2020-09-07 22:00:00,2.7181,2.8613,2.7181,2.8613,62449.92,0
2020-09-07 23:00:00,2.8535,2.94,2.8535,2.9237,64847.85,0
2020-09-08 00:00:00,2.9237,2.9499,2.7677,2.7698,81920.39,0
2020-09-08 01:00:00,2.7672,2.8145,2.7662,2.7838,34363.09,0
2020-09-08 02:00:00,2.7839,2.8098,2.7445,2.8007,35201.29,0
2020-09-08 03:00:00,2.8007,2.81,2.76,2.76,43744.09,0
2020-09-08 04:00:00,2.76,2.767,2.6231,2.6278,96550.02,0
2020-09-08 05:00:00,2.6276,2.6359,2.5926,2.61,68505.78,0
2020-09-08 06:00:00,2.61,2.6883,2.6054,2.6829,71451.16,0
2020-09-08 07:00:00,2.6755,2.6837,2.6536,2.6606,55463.72,0
2020-09-08 08:00:00,2.663,2.6999,2.5836,2.5985,59833.46,0
2020-09-08 09:00:00,2.5985,2.6219,2.5132,2.5133,77483.28,0
2020-09-08 10:00:00,2.5133,2.55,2.47,2.5287,86505.59,0
2020-09-08 11:00:00,2.5287,2.5544,2.4462,2.4782,66634.37,0
2020-09-08 12:00:00,2.4635,2.4988,2.4073,2.4893,141906.57,0
2020-09-08 13:00:00,2.4851,2.5083,2.4053,2.4506,90983.14,0
2020-09-08 14:00:00,2.4508,2.5802,2.4506,2.5093,120219.53,0
2020-09-08 15:00:00,2.5055,2.5313,2.5022,2.5109,48537.53,0
2020-09-08 16:00:00,2.5111,2.5619,2.5106,2.5424,29739.9,0
2020-09-08 17:00:00,2.5425,2.5605,2.512,2.5604,21041.59,0
2020-09-08 18:00:00,2.5578,2.5731,2.401,2.4169,98823.27,0
2020-09-08 19:00:00,2.4169,2.54,2.411,2.447,73474.15000000001,0
2020-09-08 20:00:00,2.4451,2.4678,2.4,2.4292,111940.1,0
2020-09-08 21:00:00,2.4358,2.4855,2.4206,2.4648,21230.99,0
2020-09-08 22:00:00,2.4665,2.4975,2.4,2.4975,50531.39,0
2020-09-08 23:00:00,2.4898,2.52,2.4578,2.468,40305.3,0
2020-09-09 00:00:00,2.468,2.4994,2.4487,2.491,53481.07,0
2020-09-09 01:00:00,2.4741,2.4904,2.4741,2.4862,26302.739999999998,0
2020-09-09 02:00:00,2.4862,2.4864,2.3821,2.389,101957.92,0
2020-09-09 03:00:00,2.3869,2.4451,2.3861,2.4056,29902.010000000002,0
2020-09-09 04:00:00,2.4079,2.5,2.3947,2.44,37341.11,0
2020-09-09 05:00:00,2.4353,2.48,2.4137,2.4799,34061.75,0
2020-09-09 06:00:00,2.4774,2.495,2.4237,2.4369,35036.76,0
2020-09-09 07:00:00,2.4276,2.585,2.4275,2.57,66835.18,0
2020-09-09 08:00:00,2.5652,2.5949,2.5379,2.5666,102576.03,0
2020-09-09 09:00:00,2.5646,2.7836,2.5637,2.7329,127083.06,0
2020-09-09 10:00:00,2.7301,2.7454,2.6427,2.66,142894.42,0
2020-09-09 11:00:00,2.66,2.75,2.6492,2.7006,93523.28,0
2020-09-09 12:00:00,2.7056,2.73,2.6166,2.66,80900.14,0
2020-09-09 13:00:00,2.66,2.7589,2.6567,2.708,93223.85,0
2020-09-09 14:00:00,2.7128,3.8838,2.7128,3.538,2081042.45,0
2020-09-09 15:00:00,3.5433,3.735,3.3309,3.4599,1375145.26,0
2020-09-09 16:00:00,3.4559,3.6,3.2477,3.2477,460119.91,0
2020-09-09 17:00:00,3.2547,3.4444,3.185,3.3379,484772.46,0
2020-09-09 18:00:00,3.3379,3.587,3.3379,3.4664,376822.86,0
2020-09-09 19:00:00,3.4731,3.5476,3.4001,3.4396,153548.74,0
2020-09-09 20:00:00,3.4354,3.53,3.3357,3.388,233518.66,0
2020-09-09 21:00:00,3.4002,3.4389,3.35,3.3755,89789.59,0
2020-09-09 22:00:00,3.3854,3.4685,3.3668,3.4506,118577.72,0
2020-09-09 23:00:00,3.4574,3.6476,3.36,3.6001,292665.02,0
2020-09-10 00:00:00,3.6107,3.7,3.461,3.6117,214981.24,0
2020-09-10 01:00:00,3.6225,3.6841,3.5326,3.5404,187614.61000000002,0
2020-09-10 02:00:00,3.5403,3.5922,3.4273,3.4399,156853.6,0
2020-09-10 03:00:00,3.4399,3.55,3.4343,3.55,101383.0,0
2020-09-10 04:00:00,3.549,3.5777,3.5,3.5192,108131.49,0
2020-09-10 05:00:00,3.52,3.849,3.5108,3.7701,315121.12,0
2020-09-10 06:00:00,3.7701,3.875,3.5624,3.6,394472.86,0
2020-09-10 07:00:00,3.5951,3.5999,3.3351,3.4001,423171.44,0
2020-09-10 08:00:00,3.4001,3.4567,3.304,3.4441,346334.63,0
2020-09-10 09:00:00,3.441,3.4482,3.3416,3.4481,97942.41,0
2020-09-10 10:00:00,3.4483,3.6011,3.4111,3.4444,180688.37,0
2020-09-10 11:00:00,3.4461,3.5807,3.4023,3.5488,73054.83,0
2020-09-10 12:00:00,3.5393,3.85,3.49,3.7839,379090.58,0
2020-09-10 13:00:00,3.7848,3.8212,3.6675,3.721,285616.58,0
2020-09-10 14:00:00,3.7173,3.7344,3.4706,3.5,370361.68,0
2020-09-10 15:00:00,3.5072,3.5358,3.4478,3.5358,116258.98,0
2020-09-10 16:00:00,3.5358,3.5669,3.345,3.453,234309.01,0
2020-09-10 17:00:00,3.4485,3.5648,3.4411,3.5087,89643.95,0
2020-09-10 18:00:00,3.5088,3.5479,3.392,3.4603,61748.09,0
2020-09-10 19:00:00,3.4602,3.4602,3.3801,3.3998,35742.78,0
2020-09-10 20:00:00,3.4,3.4605,3.39,3.403,38174.16,0
2020-09-10 21:00:00,3.4001,3.42,3.3551,3.4144,34304.8,0
2020-09-10 22:00:00,3.4028,3.5,3.3801,3.3946,40934.09,0
2020-09-10 23:00:00,3.3947,3.48,3.365,3.4761,70956.36,0
2020-09-11 00:00:00,3.4707,3.5036,3.46,3.4602,36051.26,0
2020-09-11 01:00:00,3.4603,3.4619,3.304,3.3246,94632.29,0
2020-09-11 02:00:00,3.3241,3.3376,3.2,3.21,179091.22,0
2020-09-11 03:00:00,3.21,3.2555,3.0316,3.0851,296760.57,0
2020-09-11 04:00:00,3.0801,3.1796,3.0425,3.1188,164119.41,0
2020-09-11 05:00:00,3.1266,3.226,3.1189,3.2136,121743.4,0
2020-09-11 06:00:00,3.2136,3.2561,3.155,3.2481,102370.87,0
2020-09-11 07:00:00,3.2418,3.2586,3.1681,3.181,108109.22,0
2020-09-11 08:00:00,3.1811,3.2929,3.1801,3.2712,93543.05,0
2020-09-11 09:00:00,3.271,3.2888,3.26,3.2687,52933.3,0
2020-09-11 10:00:00,3.2713,3.2751,3.1258,3.17,108465.48,0
2020-09-11 11:00:00,3.1704,3.2055,3.1087,3.1152,70333.92,0
2020-09-11 12:00:00,3.1101,3.1748,3.1069,3.1736,51653.229999999996,0
2020-09-11 13:00:00,3.171,3.25,3.16,3.1806,90952.54,0
2020-09-11 14:00:00,3.1821,3.2436,3.15,3.2225,46629.56,0
2020-09-11 15:00:00,3.2272,3.3399,3.2226,3.2556,152009.12,0
2020-09-11 16:00:00,3.2556,3.42,3.2499,3.3401,123645.78,0
2020-09-11 17:00:00,3.3401,3.3517,3.2421,3.3122,82311.70999999999,0
2020-09-11 18:00:00,3.3122,3.4056,3.263,3.2781,79803.28,0
2020-09-11 19:00:00,3.2778,3.334,3.2729,3.3082,46441.51,0
2020-09-11 20:00:00,3.3155,3.328,3.3025,3.3229,12498.9,0
2020-09-11 21:00:00,3.3229,3.38,3.3226,3.3668,30825.01,0
2020-09-11 22:00:00,3.3669,3.45,3.3494,3.4408,36369.97,0
2020-09-11 23:00:00,3.4443,3.45,3.3965,3.3965,46342.34,0
2020-09-12 00:00:00,3.3967,3.3999,3.3193,3.3891,44201.92,0
2020-09-12 01:00:00,3.3957,3.409,3.3301,3.3754,62088.770000000004,0
2020-09-12 02:00:00,3.3799,3.3914,3.3442,3.3521,21167.33,0
2020-09-12 03:00:00,3.3521,3.36,3.3137,3.3274,20522.88,0
2020-09-12 04:00:00,3.3276,3.3424,3.3004,3.303,42133.18,0
2020-09-12 05:00:00,3.3032,3.3396,3.2634,3.3199,39525.35,0
2020-09-12 06:00:00,3.3199,3.32,3.2267,3.2708,48253.61,0
2020-09-12 07:00:00,3.2708,3.2708,3.1904,3.244,61551.950000000004,0
2020-09-12 08:00:00,3.2499,3.25,3.15,3.1643,58033.03,0
2020-09-12 09:00:00,3.165,3.2671,3.1494,3.267,70517.95,0
2020-09-12 10:00:00,3.264,3.3094,3.2389,3.2791,58147.68,0
2020-09-12 11:00:00,3.275,3.3396,3.246,3.322,66363.53,0
2020-09-12 12:00:00,3.32,3.3245,3.2126,3.2561,58614.45,0
2020-09-12 13:00:00,3.2492,3.2969,3.1918,3.2129,54987.07,0
2020-09-12 14:00:00,3.2244,3.3061,3.2045,3.293,40016.24,0
2020-09-12 15:00:00,3.2886,3.3057,3.2603,3.2672,43293.25,0
2020-09-12 16:00:00,3.275,3.3697,3.2665,3.3631,74849.65,0
2020-09-12 17:00:00,3.3573,3.39,3.3226,3.3751,48013.13,0
2020-09-12 18:00:00,3.3751,3.4261,3.367,3.41,48517.68,0
2020-09-12 19:00:00,3.41,3.4623,3.3987,3.4579,51628.090000000004,0
2020-09-12 20:00:00,3.4579,3.47,3.3699,3.3794,53127.340000000004,0
2020-09-12 21:00:00,3.3795,3.38,3.3428,3.3669,35328.33,0
2020-09-12 22:00:00,3.3669,3.38,3.3056,3.3497,41866.07,0
2020-09-12 23:00:00,3.3404,3.351,3.32,3.3316,18793.99,0
2020-09-13 00:00:00,3.3386,3.3392,3.3009,3.3009,26874.48,0
2020-09-13 01:00:00,3.3104,3.3141,3.2492,3.2544,69243.95,0
2020-09-13 02:00:00,3.2518,3.3046,3.245,3.2452,46295.35,0
2020-09-13 03:00:00,3.2461,3.3059,3.2452,3.2951,51745.35,0
2020-09-13 04:00:00,3.2931,3.3249,3.2734,3.316,63491.77,0
2020-09-13 05:00:00,3.3091,3.3498,3.2618,3.2655,148554.0,0
2020-09-13 06:00:00,3.2654,3.2943,3.241,3.2603,81621.91,0
2020-09-13 07:00:00,3.254,3.3398,3.2508,3.3108,81094.22,0
2020-09-13 08:00:00,3.3093,3.3348,3.2818,3.2944,32302.32,0
2020-09-13 09:00:00,3.2947,3.47,3.2941,3.3648,215221.05,0
2020-09-13 10:00:00,3.3602,3.3698,3.2,3.3053,243654.87,0
2020-09-13 11:00:00,3.3065,3.3226,3.145,3.1669,188825.66,0
2020-09-13 12:00:00,3.1633,3.1633,3.0489,3.0572,238009.28,0
2020-09-13 13:00:00,3.0572,3.1871,3.0232,3.1871,101636.37,0
2020-09-13 14:00:00,3.1801,3.1873,3.116,3.1733,53210.5,0
2020-09-13 15:00:00,3.1733,3.1785,3.0685,3.08,48083.75,0
2020-09-13 16:00:00,3.0799,3.116,2.9838,3.0855,155276.36000000002,0
2020-09-13 17:00:00,3.0855,3.1982,3.0507,3.1864,57335.1,0
2020-09-13 18:00:00,3.1847,3.1847,3.102,3.1299,18105.49,0
2020-09-13 19:00:00,3.1299,3.19,3.1077,3.1619,12322.15,0
2020-09-13 20:00:00,3.1619,3.1968,3.1619,3.1896,9119.05,0
2020-09-13 21:00:00,3.1896,3.21,3.1474,3.1475,22519.32,0
2020-09-13 22:00:00,3.1475,3.2001,3.1295,3.187,28886.09,0
2020-09-13 23:00:00,3.187,3.2711,3.1755,3.2603,31351.02,0
2020-09-14 00:00:00,3.2656,3.2656,3.0752,3.0847,60063.74,0
2020-09-14 01:00:00,3.0966,3.1982,3.089,3.1593,59245.03,0
2020-09-14 02:00:00,3.1593,3.1983,3.1344,3.1394,61749.79,0
2020-09-14 03:00:00,3.1394,3.198,3.1394,3.1463,27850.4,0
2020-09-14 04:00:00,3.1461,3.1843,3.0938,3.1292,100993.12,0
2020-09-14 05:00:00,3.1292,3.1475,3.1033,3.1471,49366.69,0
2020-09-14 06:00:00,3.1469,3.28,3.1469,3.2366,90771.11,0
2020-09-14 07:00:00,3.2463,3.41,3.2381,3.3711,452123.19,0
2020-09-14 08:00:00,3.371,3.5393,3.2972,3.3329,620202.25,0
2020-09-14 09:00:00,3.3348,3.3542,3.2222,3.282,205484.18,0
2020-09-14 10:00:00,3.2847,3.384,3.26,3.365,133047.25,0
2020-09-14 11:00:00,3.3651,3.455,3.331,3.376,160367.86000000002,0
2020-09-14 12:00:00,3.3759,3.4743,3.37,3.4624,140476.64,0
2020-09-14 13:00:00,3.4625,3.4888,3.3772,3.4345,145246.27,0
2020-09-14 14:00:00,3.4351,3.462,3.314,3.34,170667.48,0
2020-09-14 15:00:00,3.3413,3.4043,3.3397,3.3839,141509.7,0
2020-09-14 16:00:00,3.38,3.42,3.3488,3.3571,101274.72,0
2020-09-14 17:00:00,3.3654,3.3754,3.3001,3.3183,101553.44,0
2020-09-14 18:00:00,3.327,3.3374,3.26,3.2895,71607.28,0
2020-09-14 19:00:00,3.2877,3.3569,3.25,3.2958,198647.68,0
2020-09-14 20:00:00,3.2959,3.3505,3.2427,3.2519,86967.55,0
2020-09-14 21:00:00,3.2453,3.2792,3.24,3.269,43205.04,0
2020-09-14 22:00:00,3.2621,3.2935,3.26,3.2673,69723.28,0
2020-09-14 23:00:00,3.2673,3.299,3.255,3.2641,59505.92,0
2020-09-15 00:00:00,3.264,3.2894,3.24,3.2694,65367.15,0
2020-09-15 01:00:00,3.2609,3.3074,3.2564,3.2643,50989.12,0
2020-09-15 02:00:00,3.2645,3.3249,3.2545,3.2899,61958.37,0
2020-09-15 03:00:00,3.2899,3.3026,3.2434,3.2528,59360.63,0
2020-09-15 04:00:00,3.2507,3.2787,3.2419,3.2471,26665.19,0
2020-09-15 05:00:00,3.2474,3.2728,3.234,3.2501,31434.09,0
2020-09-15 06:00:00,3.2502,3.252,3.201,3.2349,54127.68,0
2020-09-15 07:00:00,3.2305,3.2506,3.15,3.1861,118564.74,0
2020-09-15 08:00:00,3.1819,3.1916,3.1251,3.1499,105055.36,0
2020-09-15 09:00:00,3.1471,3.2354,3.126,3.221,66975.77,0
2020-09-15 10:00:00,3.2179,3.2477,3.1761,3.2331,49022.85,0
2020-09-15 11:00:00,3.2337,3.2437,3.1821,3.2435,43418.66,0
2020-09-15 12:00:00,3.2351,3.3,3.2325,3.2875,83320.9,0
2020-09-15 13:00:00,3.2838,3.2999,3.1907,3.207,60146.91,0
2020-09-15 14:00:00,3.2071,3.2271,2.99,3.0514,194034.23,0
2020-09-15 15:00:00,3.0512,3.1137,3.0238,3.0847,106815.43,0
2020-09-15 16:00:00,3.0768,3.129,3.0627,3.0991,84399.9,0
2020-09-15 17:00:00,3.1005,3.115,3.0654,3.0964,61453.15,0
2020-09-15 18:00:00,3.1038,3.1057,3.0431,3.0635,23973.72,0
2020-09-15 19:00:00,3.063,3.0692,3.0242,3.0442,28295.309999999998,0
2020-09-15 20:00:00,3.0426,3.1254,3.0211,3.0312,61831.35,0
2020-09-15 21:00:00,3.0321,3.0406,3.012,3.0157,26909.9,0
2020-09-15 22:00:00,3.0229,3.0312,2.9571,2.9896,95269.21,0
2020-09-15 23:00:00,2.9894,3.0,2.8955,2.9295,139001.47,0
2020-09-16 00:00:00,2.9288,2.9293,2.5,2.5606,656124.04,0
2020-09-16 01:00:00,2.5606,2.7581,2.5605,2.7509,221945.98,0
2020-09-16 02:00:00,2.7511,2.7656,2.6688,2.7507,126483.81,0
2020-09-16 03:00:00,2.7531,2.7674,2.663,2.6918,175123.33,0
2020-09-16 04:00:00,2.691,2.7153,2.6622,2.6847,207187.45,0
2020-09-16 05:00:00,2.685,2.7629,2.6459,2.6517,131124.55,0
2020-09-16 06:00:00,2.6509,2.718,2.6185,2.7025,124427.35,0
2020-09-16 07:00:00,2.7027,2.75,2.6444,2.744,210117.59,0
2020-09-16 08:00:00,2.7425,2.7458,2.6444,2.6739,176675.33,0
2020-09-16 09:00:00,2.6696,2.7145,2.6304,2.6667,142190.58,0
2020-09-16 10:00:00,2.6676,2.6815,2.5611,2.5611,140839.13,0
2020-09-16 11:00:00,2.5612,2.6366,2.5251,2.5883,225147.7,0
2020-09-16 12:00:00,2.5806,2.6233,2.565,2.5675,143794.06,0
2020-09-16 13:00:00,2.5741,2.58,2.5357,2.5505,210409.85,0
2020-09-16 14:00:00,2.5572,2.5799,2.4282,2.4517,365277.12,0
2020-09-16 15:00:00,2.452,2.5733,2.4519,2.5405,400113.54,0
2020-09-16 16:00:00,2.5414,2.6657,2.5275,2.615,255841.84,0
2020-09-16 17:00:00,2.6153,2.6258,2.5103,2.53,72492.36,0
2020-09-16 18:00:00,2.5327,2.5826,2.475,2.5344,128034.96,0
2020-09-16 19:00:00,2.5338,2.542,2.505,2.531,79109.94,0
2020-09-16 20:00:00,2.5311,2.5622,2.5121,2.5395,110539.4,0
2020-09-16 21:00:00,2.5398,2.5666,2.5302,2.5501,237142.58,0
2020-09-16 22:00:00,2.5501,2.5656,2.5335,2.544,117548.74,0
2020-09-16 23:00:00,2.5445,2.5759,2.5038,2.5327,229075.76,0
2020-09-17 00:00:00,2.5376,2.62,2.5105,2.6069,313026.99,0
2020-09-17 01:00:00,2.6069,2.6997,2.6019,2.6289,247034.6,0
2020-09-17 02:00:00,2.6229,2.636,2.5572,2.58,170080.71,0
2020-09-17 03:00:00,2.5811,2.628,2.4649,2.4835,223832.23,0
2020-09-17 04:00:00,2.4804,2.5233,2.4707,2.5146,136181.77,0
2020-09-17 05:00:00,2.5018,2.585,2.4999,2.57,85112.17,0
2020-09-17 06:00:00,2.5667,2.6042,2.49,2.5,206861.02,0
2020-09-17 07:00:00,2.5001,2.5385,2.49,2.53,95998.78,0
2020-09-17 08:00:00,2.531,2.5797,2.4458,2.4543,118482.3,0
2020-09-17 09:00:00,2.4475,2.5118,2.4088,2.4934,220122.79,0
2020-09-17 10:00:00,2.49,2.5479,2.36,2.4887,512047.12,0
2020-09-17 11:00:00,2.4858,2.5514,2.4668,2.5449,136291.66999999998,0
2020-09-17 12:00:00,2.537,2.555,2.5051,2.5215,133750.61000000002,0
2020-09-17 13:00:00,2.5204,2.69,2.5204,2.5699,508872.02,0
2020-09-17 14:00:00,2.565,2.62,2.5399,2.5717,133734.56,0
2020-09-17 15:00:00,2.5768,2.6292,2.5721,2.6053,146388.35,0
2020-09-17 16:00:00,2.6053,2.6857,2.5987,2.6624,148502.32,0
2020-09-17 17:00:00,2.6624,2.7728,2.6421,2.7147,190653.89,0
2020-09-17 18:00:00,2.7152,2.7435,2.6836,2.74,114690.94,0
2020-09-17 19:00:00,2.7425,2.779,2.7316,2.769,77479.04000000001,0
2020-09-17 20:00:00,2.769,2.81,2.718,2.8065,114261.72,0
2020-09-17 21:00:00,2.812,2.9389,2.8081,2.9254,263556.11,0
2020-09-17 22:00:00,2.9213,2.936,2.7751,2.8117,146522.19,0
2020-09-17 23:00:00,2.8018,2.9282,2.8018,2.8829,192263.41,0
2020-09-18 00:00:00,2.883,2.96,2.8219,2.8291,236102.55,0
2020-09-18 01:00:00,2.8328,2.837,2.726,2.765,180385.36000000002,0
2020-09-18 02:00:00,2.765,2.86,2.7553,2.8332,134629.42,0
2020-09-18 03:00:00,2.8379,2.899,2.8225,2.8811,78421.53,0
2020-09-18 04:00:00,2.881,2.885,2.795,2.8488,147230.37,0
2020-09-18 05:00:00,2.8487,2.8984,2.8223,2.8859,70559.86,0
2020-09-18 06:00:00,2.8859,2.9961,2.8659,2.9665,215446.97,0
2020-09-18 07:00:00,2.9609,2.9735,2.9268,2.955,118809.42,0
2020-09-18 08:00:00,2.9499,2.9732,2.922,2.9618,183381.11000000002,0
2020-09-18 09:00:00,2.9588,3.0,2.9059,2.9895,186385.0,0
2020-09-18 10:00:00,2.9905,3.12,2.9885,3.0395,263722.39,0
2020-09-18 11:00:00,3.0425,3.16,3.03,3.0647,126492.11,0
2020-09-18 12:00:00,3.0705,3.1484,3.0624,3.0849,140456.36000000002,0
2020-09-18 13:00:00,3.0845,3.14,3.0209,3.0221,133473.56,0
2020-09-18 14:00:00,3.0215,3.0606,2.9449,3.0248,270949.11,0
2020-09-18 15:00:00,3.025,3.0298,2.8081,2.9044,569697.28,0
2020-09-18 16:00:00,2.9056,3.0,2.8351,2.9357,249743.06,0
2020-09-18 17:00:00,2.9264,2.9691,2.8146,2.8509,168151.82,0
2020-09-18 18:00:00,2.8511,2.9447,2.8,2.94,167366.55,0
2020-09-18 19:00:00,2.94,3.145,2.9124,3.1406,181027.78,0
2020-09-18 20:00:00,3.1301,3.15,3.0252,3.0974,111580.16,0
2020-09-18 21:00:00,3.1028,3.1588,3.0694,3.1472,80299.27,0
2020-09-18 22:00:00,3.1436,3.1472,3.0777,3.1393,55970.78,0
2020-09-18 23:00:00,3.1336,3.1469,3.0362,3.1144,99164.41,0
2020-09-19 00:00:00,3.1084,3.1195,3.0615,3.1,44835.57,0
2020-09-19 01:00:00,3.0971,3.2545,3.0941,3.1853,132777.66,0
2020-09-19 02:00:00,3.1901,3.2455,3.1346,3.1814,97333.2,0
2020-09-19 03:00:00,3.1813,3.1813,3.0789,3.116,56378.0,0
2020-09-19 04:00:00,3.1161,3.1378,3.0657,3.1153,28816.36,0
2020-09-19 05:00:00,3.1149,3.15,3.0751,3.1196,54397.47,0
2020-09-19 06:00:00,3.1196,3.1499,3.0801,3.115,61340.520000000004,0
2020-09-19 07:00:00,3.1148,3.17,3.0769,3.0801,63505.34,0
2020-09-19 08:00:00,3.08,3.15,3.0228,3.09,88207.65000000001,0
2020-09-19 09:00:00,3.082,3.1124,3.045,3.0543,40205.18,0
2020-09-19 10:00:00,3.0618,3.0618,2.9564,3.0063,102418.58,0
2020-09-19 11:00:00,3.0073,3.0454,2.9953,3.0454,85646.2,0
2020-09-19 12:00:00,3.0461,3.0538,2.9909,3.0,66666.99,0
2020-09-19 13:00:00,3.004,3.0547,2.9875,3.0545,66823.64,0
2020-09-19 14:00:00,3.0546,3.1851,2.9968,3.0073,156222.12,0
2020-09-19 15:00:00,3.0058,3.0328,3.0011,3.0122,44084.6,0
2020-09-19 16:00:00,3.0207,3.1499,3.0012,3.0318,97702.14,0
2020-09-19 17:00:00,3.031,3.16,3.026,3.115,70904.78,0
2020-09-19 18:00:00,3.1249,3.1438,3.0111,3.05,64510.56,0
2020-09-19 19:00:00,3.05,3.0539,3.0122,3.013,33668.42,0
2020-09-19 20:00:00,3.0123,3.0938,3.0123,3.0548,54249.09,0
2020-09-19 21:00:00,3.0532,3.0548,3.0196,3.0406,24102.77,0
2020-09-19 22:00:00,3.0475,3.0475,2.9668,3.0114,38805.24,0
2020-09-19 23:00:00,3.0041,3.031,2.9929,3.031,12617.78,0
2020-09-20 00:00:00,3.0216,3.0319,2.981,3.0089,33844.57,0
2020-09-20 01:00:00,3.0034,3.0043,2.8625,2.8859,242727.02000000002,0
2020-09-20 02:00:00,2.89,2.939,2.8639,2.9006,71107.61,0
2020-09-20 03:00:00,2.9009,2.9512,2.8821,2.9213,57621.47,0
2020-09-20 04:00:00,2.9126,2.9458,2.8876,2.9331,65410.35,0
2020-09-20 05:00:00,2.9251,2.9314,2.91,2.9198,24019.079999999998,0
2020-09-20 06:00:00,2.9198,2.9647,2.9156,2.9533,31863.170000000002,0
2020-09-20 07:00:00,2.9507,2.9808,2.9375,2.9578,38510.41,0
2020-09-20 08:00:00,2.9579,2.975,2.9414,2.942,23033.899999999998,0
2020-09-20 09:00:00,2.942,2.9995,2.9091,2.9836,62075.01,0
2020-09-20 10:00:00,2.9823,2.9865,2.934,2.9744,35670.44,0
2020-09-20 11:00:00,2.9744,2.9824,2.9468,2.9621,28712.81,0
2020-09-20 12:00:00,2.9713,2.9756,2.8742,2.8753,54020.11,0
2020-09-20 13:00:00,2.875,2.8836,2.8,2.8688,126919.2,0
2020-09-20 14:00:00,2.861,2.8665,2.8013,2.8099,54114.51,0
2020-09-20 15:00:00,2.8051,2.8896,2.8023,2.8115,69707.74,0
2020-09-20 16:00:00,2.8115,2.8226,2.7,2.8136,156451.76,0
2020-09-20 17:00:00,2.8172,2.8496,2.8125,2.8471,40663.71,0
2020-09-20 18:00:00,2.8406,2.8447,2.7684,2.8192,62383.39,0
2020-09-20 19:00:00,2.8192,2.8408,2.7875,2.7875,31319.41,0
2020-09-20 20:00:00,2.7916,2.7953,2.7342,2.7398,27116.170000000002,0
2020-09-20 21:00:00,2.7351,2.7763,2.712,2.7642,32458.38,0
2020-09-20 22:00:00,2.76,2.8057,2.7531,2.8018,33485.4,0
2020-09-20 23:00:00,2.7949,2.9,2.7908,2.8628,53392.96,0
2020-09-21 00:00:00,2.8628,2.9306,2.8275,2.9166,50779.16,0
2020-09-21 01:00:00,2.9164,2.9827,2.9111,2.9283,67603.24,0
2020-09-21 02:00:00,2.9253,2.952,2.9188,2.9214,26744.28,0
2020-09-21 03:00:00,2.9221,3.0397,2.9031,2.9935,89640.54,0
2020-09-21 04:00:00,3.0,3.0383,2.9048,2.9164,211193.80000000002,0
2020-09-21 05:00:00,2.9102,2.9378,2.8786,2.9378,43393.72,0
2020-09-21 06:00:00,2.9312,2.9534,2.8627,2.8644,26713.420000000002,0
2020-09-21 07:00:00,2.8721,2.8959,2.7197,2.73,156338.42,0
2020-09-21 08:00:00,2.7312,2.7625,2.5927,2.6661,424846.33,0
2020-09-21 09:00:00,2.6662,2.6693,2.4861,2.4951,364050.97000000003,0
2020-09-21 10:00:00,2.4953,2.6473,2.4689,2.6214,310290.24,0
2020-09-21 11:00:00,2.6175,2.65,2.5071,2.6194,229243.28,0
2020-09-21 12:00:00,2.6114,2.6799,2.5,2.6732,272343.52,0
2020-09-21 13:00:00,2.6725,2.7273,2.6302,2.7046,237348.79,0
2020-09-21 14:00:00,2.7015,2.7445,2.5259,2.6344,295648.61,0
2020-09-21 15:00:00,2.6344,2.706,2.5926,2.6832,141759.31,0
2020-09-21 16:00:00,2.6821,2.72,2.66,2.687,73559.38,0
2020-09-21 17:00:00,2.693,2.7227,2.678,2.7164,67065.03,0
2020-09-21 18:00:00,2.7169,2.7821,2.7169,2.7738,55080.43,0
2020-09-21 19:00:00,2.7823,2.8479,2.779,2.8336,96505.28,0
2020-09-21 20:00:00,2.8344,2.86,2.805,2.8148,64040.35,0
2020-09-21 21:00:00,2.8092,2.8856,2.8077,2.82,104237.73,0
2020-09-21 22:00:00,2.8198,2.8524,2.7514,2.805,98270.84,0
2020-09-21 23:00:00,2.799,2.8381,2.76,2.7672,61182.64,0
2020-09-22 00:00:00,2.7571,2.9,2.7192,2.8372,157850.77,0
2020-09-22 01:00:00,2.8372,2.86,2.7933,2.8484,65572.85,0
2020-09-22 02:00:00,2.8481,2.959,2.8309,2.959,126640.59,0
2020-09-22 03:00:00,2.959,2.97,2.8882,2.892,114454.42,0
2020-09-22 04:00:00,2.901,2.9817,2.8888,2.8936,151499.61,0
2020-09-22 05:00:00,2.8973,2.9372,2.827,2.8986,185909.1,0
2020-09-22 06:00:00,2.9023,2.9419,2.7807,2.8,134860.9,0
2020-09-22 07:00:00,2.8,2.8196,2.65,2.6728,211488.45,0
2020-09-22 08:00:00,2.666,2.887,2.6659,2.7602,362506.78,0
2020-09-22 09:00:00,2.7664,2.7857,2.72,2.7857,99376.75,0
2020-09-22 10:00:00,2.7857,2.8045,2.7531,2.7847,69015.73,0
2020-09-22 11:00:00,2.7835,2.88,2.7494,2.8184,119253.65,0
2020-09-22 12:00:00,2.8082,2.89,2.7886,2.8569,141910.16,0
2020-09-22 13:00:00,2.8613,2.9282,2.8319,2.9025,135689.96,0
2020-09-22 14:00:00,2.9126,3.0107,2.822,2.8394,404707.04,0
2020-09-22 15:00:00,2.8394,2.9061,2.822,2.8983,203271.14,0
2020-09-22 16:00:00,2.8894,2.9999,2.8893,2.9365,163223.13,0
2020-09-22 17:00:00,2.9405,2.988,2.8881,2.9362,156443.7,0
2020-09-22 18:00:00,2.941,2.9485,2.9185,2.9362,81212.37,0
2020-09-22 19:00:00,2.9336,2.9581,2.9164,2.9538,41951.98,0
2020-09-22 20:00:00,2.9538,2.9776,2.8912,2.946,90479.03,0
2020-09-22 21:00:00,2.9404,2.9829,2.8656,2.9566,61493.2,0
2020-09-22 22:00:00,2.9571,2.9875,2.8897,2.89,88658.25,0
2020-09-22 23:00:00,2.8969,2.9511,2.8899,2.9082,49316.77,0
2020-09-23 00:00:00,2.9184,3.09,2.9184,3.0671,248379.8,0
2020-09-23 01:00:00,3.0567,3.0669,2.98,3.0228,104886.17,0
2020-09-23 02:00:00,3.0213,3.03,2.9337,2.9754,176972.77,0
2020-09-23 03:00:00,2.9819,2.9897,2.8321,2.8404,182279.93,0
2020-09-23 04:00:00,2.8444,2.8652,2.78,2.804,192932.84,0
2020-09-23 05:00:00,2.804,2.915,2.78,2.8717,78989.85,0
2020-09-23 06:00:00,2.8666,2.8717,2.8125,2.8305,58745.53,0
2020-09-23 07:00:00,2.8305,2.8982,2.7428,2.7678,182224.35,0
2020-09-23 08:00:00,2.7806,2.8272,2.73,2.8239,126209.4,0
2020-09-23 09:00:00,2.8207,2.8875,2.8116,2.868,51200.66,0
2020-09-23 10:00:00,2.8645,2.92,2.8512,2.9031,70193.0,0
2020-09-23 11:00:00,2.9031,2.95,2.8999,2.9251,86529.53,0
2020-09-23 12:00:00,2.925,2.9981,2.9028,2.9605,89885.0,0
2020-09-23 13:00:00,2.9609,2.975,2.9364,2.9442,70953.48,0
2020-09-23 14:00:00,2.9442,2.9442,2.8561,2.8722,189099.35,0
2020-09-23 15:00:00,2.8733,2.95,2.8733,2.9142,71651.66,0
2020-09-23 16:00:00,2.9142,2.9704,2.8999,2.9703,64232.44,0
2020-09-23 17:00:00,2.9704,3.0,2.9298,2.9375,123304.01000000001,0
2020-09-23 18:00:00,2.9371,2.9664,2.9,2.9,59444.26,0
2020-09-23 19:00:00,2.9,2.9193,2.772,2.79,180890.9,0
2020-09-23 20:00:00,2.7945,2.8307,2.7001,2.7985,155786.45,0
2020-09-23 21:00:00,2.7996,2.8509,2.7867,2.8155,71938.44,0
2020-09-23 22:00:00,2.8155,2.85,2.7891,2.85,34206.84,0
2020-09-23 23:00:00,2.8449,2.8612,2.82,2.8548,91214.3,0
2020-09-24 00:00:00,2.855,2.901,2.7804,2.9,90828.86,0
2020-09-24 01:00:00,2.9024,2.937,2.8793,2.9044,117478.62,0
2020-09-24 02:00:00,2.9045,2.9617,2.8813,2.8958,70615.55,0
2020-09-24 03:00:00,2.8959,2.98,2.8959,2.9561,109351.12999999999,0
2020-09-24 04:00:00,2.9594,2.98,2.88,2.898,125937.33,0
2020-09-24 05:00:00,2.8979,2.9399,2.8939,2.9159,34129.59,0
2020-09-24 06:00:00,2.9169,2.95,2.9169,2.9358,43426.549999999996,0
2020-09-24 07:00:00,2.937,3.0402,2.9364,3.0402,267180.33,0
2020-09-24 08:00:00,3.0362,3.039,2.9614,2.9999,129819.69,0
2020-09-24 09:00:00,2.9954,3.0187,2.925,2.9879,102271.93,0
2020-09-24 10:00:00,2.994,3.015,2.9532,2.9912,139465.44999999998,0
2020-09-24 11:00:00,2.992,3.031,2.983,3.0101,104996.24,0